Date,ETH-USD
2017-01-01,8.17257022857666
2017-01-02,8.378510475158691
2017-01-03,9.725250244140625
2017-01-04,11.25160026550293
2017-01-05,10.254400253295898
2017-01-06,10.25469970703125
2017-01-07,9.86719036102295
2017-01-08,10.289799690246582
2017-01-09,10.325599670410156
2017-01-10,10.549599647521973
2017-01-11,9.71776008605957
2017-01-12,9.861330032348633
2017-01-13,9.769499778747559
2017-01-14,9.646659851074219
2017-01-15,9.90425968170166
2017-01-16,9.636500358581543
2017-01-17,10.302300453186035
2017-01-18,10.227800369262695
2017-01-19,10.397199630737305
2017-01-20,10.600600242614746
2017-01-21,10.909199714660645
2017-01-22,10.703200340270996
2017-01-23,10.820799827575684
2017-01-24,10.632499694824219
2017-01-25,10.570500373840332
2017-01-26,10.589099884033203
2017-01-27,10.537300109863281
2017-01-28,10.5649995803833
2017-01-29,10.484000205993652
2017-01-30,10.571200370788574
2017-01-31,10.727499961853027
2017-02-01,10.732099533081055
2017-02-02,10.821399688720703
2017-02-03,11.114500045776367
2017-02-04,11.433500289916992
2017-02-05,11.352999687194824
2017-02-06,11.389399528503418
2017-02-07,11.515299797058105
2017-02-08,11.43120002746582
2017-02-09,11.03219985961914
2017-02-10,11.278900146484375
2017-02-11,11.349499702453613
2017-02-12,11.399200439453125
2017-02-13,11.269499778747559
2017-02-14,13.025199890136719
2017-02-15,12.919699668884277
2017-02-16,12.90369987487793
2017-02-17,12.67650032043457
2017-02-18,12.810199737548828
2017-02-19,12.758500099182129
2017-02-20,12.430100440979004
2017-02-21,12.668399810791016
2017-02-22,12.599699974060059
2017-02-23,13.119400024414062
2017-02-24,13.069199562072754
2017-02-25,13.548700332641602
2017-02-26,14.520000457763672
2017-02-27,15.396499633789062
2017-02-28,15.81719970703125
2017-03-01,17.349700927734375
2017-03-02,19.03019905090332
2017-03-03,19.458999633789062
2017-03-04,18.618900299072266
2017-03-05,19.30229949951172
2017-03-06,19.60569953918457
2017-03-07,18.888599395751953
2017-03-08,16.65130043029785
2017-03-09,17.75469970703125
2017-03-10,19.332300186157227
2017-03-11,21.47249984741211
2017-03-12,23.437700271606445
2017-03-13,28.592899322509766
2017-03-14,28.654600143432617
2017-03-15,35.05590057373047
2017-03-16,46.34579849243164
2017-03-17,46.827999114990234
2017-03-18,34.16019821166992
2017-03-19,44.7401008605957
2017-03-20,43.390201568603516
2017-03-21,43.14509963989258
2017-03-22,42.342098236083984
2017-03-23,43.67839813232422
2017-03-24,53.10749816894531
2017-03-25,51.25
2017-03-26,50.52159881591797
2017-03-26,49.666900634765625
2017-03-27,50.774898529052734
2017-03-28,53.1260986328125
2017-03-29,52.2057991027832
2017-03-30,50.03730010986328
2017-03-31,50.699501037597656
2017-04-01,48.74869918823242
2017-04-02,44.35639953613281
2017-04-03,44.64189910888672
2017-04-04,45.30400085449219
2017-04-05,43.24209976196289
2017-04-06,42.162601470947266
2017-04-07,44.307098388671875
2017-04-08,43.266998291015625
2017-04-09,43.43519973754883
2017-04-10,43.40719985961914
2017-04-11,46.28730010986328
2017-04-12,50.219398498535156
2017-04-13,47.574100494384766
2017-04-14,49.10150146484375
2017-04-15,48.71849822998047
2017-04-16,48.30459976196289
2017-04-17,50.70750045776367
2017-04-18,48.305301666259766
2017-04-19,49.67219924926758
2017-04-20,48.22439956665039
2017-04-21,48.553001403808594
2017-04-22,48.48929977416992
2017-04-23,50.03150177001953
2017-04-24,49.89120101928711
2017-04-25,52.720298767089844
2017-04-26,62.167701721191406
2017-04-27,70.1592025756836
2017-04-28,68.37689971923828
2017-04-29,79.02120208740234
2017-04-30,76.2969970703125
2017-05-01,77.26380157470703
2017-05-02,79.71820068359375
2017-05-03,96.98139953613281
2017-05-04,94.39849853515625
2017-05-05,97.8134994506836
2017-05-06,94.0073013305664
2017-05-07,91.42040252685547
2017-05-08,91.16290283203125
2017-05-09,89.52490234375
2017-05-10,89.87969970703125
2017-05-11,88.65540313720703
2017-05-12,90.83540344238281
2017-05-13,90.7864990234375
2017-05-14,92.41490173339844
2017-05-15,89.43800354003906
2017-05-16,89.86039733886719
2017-05-17,96.90630340576172
2017-05-18,129.52699279785156
2017-05-19,126.52100372314453
2017-05-20,157.93699645996094
2017-05-21,174.26100158691406
2017-05-22,181.95199584960938
2017-05-23,190.04600524902344
2017-05-24,174.4459991455078
2017-05-25,160.4029998779297
2017-05-26,157.75799560546875
2017-05-27,170.51100158691406
2017-05-28,194.90899658203125
2017-05-29,231.91099548339844
2017-05-30,230.66900634765625
2017-05-31,222.23899841308594
2017-06-01,223.77499389648438
2017-06-02,224.37600708007812
2017-06-03,245.33200073242188
2017-06-04,248.46400451660156
2017-06-05,264.46600341796875
2017-06-06,258.0710144042969
2017-06-07,261.6659851074219
2017-06-08,281.73699951171875
2017-06-09,337.6679992675781
2017-06-10,340.6090087890625
2017-06-11,401.489990234375
2017-06-12,397.5369873046875
2017-06-13,359.0530090332031
2017-06-14,361.9330139160156
2017-06-15,370.22698974609375
2017-06-16,379.41400146484375
2017-06-17,371.4580078125
2017-06-18,370.0559997558594
2017-06-19,359.0050048828125
2017-06-20,336.87200927734375
2017-06-21,336.3710021972656
2017-06-22,341.739013671875
2017-06-23,323.6960144042969
2017-06-24,303.24798583984375
2017-06-25,272.6919860839844
2017-06-26,293.0880126953125
2017-06-27,327.927001953125
2017-06-28,302.88299560546875
2017-06-29,294.9159851074219
2017-06-30,274.60101318359375
2017-07-01,287.98699951171875
2017-07-02,282.89801025390625
2017-07-03,273.3030090332031
2017-07-04,268.77398681640625
2017-07-05,270.54901123046875
2017-07-06,245.99099731445312
2017-07-07,251.69700622558594
2017-07-08,242.13699340820312
2017-07-09,215.35699462890625
2017-07-10,197.4040069580078
2017-07-11,230.7740020751953
2017-07-12,209.73300170898438
2017-07-13,199.66200256347656
2017-07-14,170.65499877929688
2017-07-15,157.36300659179688
2017-07-16,193.4239959716797
2017-07-17,234.39100646972656
2017-07-18,199.7030029296875
2017-07-19,227.26499938964844
2017-07-20,218.30499267578125
2017-07-21,229.4759979248047
2017-07-22,225.9510040283203
2017-07-23,224.71099853515625
2017-07-24,206.7100067138672
2017-07-25,203.9530029296875
2017-07-26,204.3179931640625
2017-07-27,193.1230010986328
2017-07-28,205.78900146484375
2017-07-29,197.97799682617188
2017-07-30,203.87100219726562
2017-07-31,226.7689971923828
2017-08-01,219.95199584960938
2017-08-02,225.3419952392578
2017-08-03,223.072998046875
2017-08-04,256.5069885253906
2017-08-05,261.5669860839844
2017-08-06,269.17999267578125
2017-08-07,296.7690124511719
2017-08-08,296.0270080566406
2017-08-09,295.8919982910156
2017-08-10,308.864013671875
2017-08-11,310.60101318359375
2017-08-12,298.0639953613281
2017-08-13,300.09698486328125
2017-08-14,289.8179931640625
2017-08-15,302.2669982910156
2017-08-16,301.4570007324219
2017-08-17,295.5899963378906
2017-08-18,297.4700012207031
2017-08-19,301.4280090332031
2017-08-20,321.59100341796875
2017-08-21,314.7850036621094
2017-08-22,317.5190124511719
2017-08-23,325.6109924316406
2017-08-24,331.9150085449219
2017-08-25,333.8819885253906
2017-08-26,347.89300537109375
2017-08-27,347.74700927734375
2017-08-28,370.6669921875
2017-08-29,378.4849853515625
2017-08-30,383.0419921875
2017-08-31,387.7409973144531
2017-09-01,348.9840087890625
2017-09-02,347.4840087890625
2017-09-03,295.1709899902344
2017-09-04,312.9880065917969
2017-09-05,334.3380126953125
2017-09-06,329.4280090332031
2017-09-07,296.49700927734375
2017-09-08,294.4049987792969
2017-09-09,288.74700927734375
2017-09-10,294.5320129394531
2017-09-11,291.4639892578125
2017-09-12,277.11199951171875
2017-09-13,213.9080047607422
2017-09-14,250.46400451660156
2017-09-15,246.52200317382812
2017-09-16,251.74899291992188
2017-09-17,293.49700927734375
2017-09-18,282.8039855957031
2017-09-19,283.74200439453125
2017-09-20,258.5799865722656
2017-09-21,264.30999755859375
2017-09-22,286.1679992675781
2017-09-23,282.4830017089844
2017-09-24,292.3320007324219
2017-09-25,287.43798828125
2017-09-26,306.4670104980469
2017-09-27,299.1549987792969
2017-09-28,291.4670104980469
2017-09-29,301.4649963378906
2017-09-30,302.3370056152344
2017-10-01,297.4750061035156
2017-10-02,292.4630126953125
2017-10-03,292.6579895019531
2017-10-04,295.8630065917969
2017-10-05,308.5880126953125
2017-10-06,311.1239929199219
2017-10-07,308.6080017089844
2017-10-08,297.3919982910156
2017-10-09,299.8699951171875
2017-10-10,303.45599365234375
2017-10-11,304.135986328125
2017-10-12,338.7569885253906
2017-10-13,339.62799072265625
2017-10-14,336.5950012207031
2017-10-15,333.3840026855469
2017-10-16,317.0820007324219
2017-10-17,314.3190002441406
2017-10-18,308.0880126953125
2017-10-19,304.0060119628906
2017-10-20,300.18701171875
2017-10-21,295.4460144042969
2017-10-22,286.95001220703125
2017-10-23,298.3280029296875
2017-10-24,297.92498779296875
2017-10-25,296.5270080566406
2017-10-26,297.4230041503906
2017-10-27,296.2980041503906
2017-10-28,305.0880126953125
2017-10-30,307.7510070800781
2017-10-31,305.8789978027344
2017-11-01,291.6940002441406
2017-11-02,287.4289855957031
2017-11-03,305.71099853515625
2017-11-04,300.468994140625
2017-11-05,296.26300048828125
2017-11-06,298.8919982910156
2017-11-07,294.65899658203125
2017-11-08,309.07000732421875
2017-11-09,320.8840026855469
2017-11-10,299.25299072265625
2017-11-11,314.6809997558594
2017-11-12,307.9079895019531
2017-11-13,316.71600341796875
2017-11-14,337.6310119628906
2017-11-15,333.35699462890625
2017-11-16,330.92401123046875
2017-11-17,332.3940124511719
2017-11-18,347.61199951171875
2017-11-19,354.385986328125
2017-11-20,366.7300109863281
2017-11-21,360.4010009765625
2017-11-22,380.6520080566406
2017-11-23,410.1659851074219
2017-11-24,474.9110107421875
2017-11-25,466.2760009765625
2017-11-26,471.3299865722656
2017-11-27,480.3550109863281
2017-11-28,472.9020080566406
2017-11-29,427.52301025390625
2017-11-30,447.114013671875
2017-12-01,466.5400085449219
2017-12-02,463.4490051269531
2017-12-03,465.8529968261719
2017-12-04,470.2040100097656
2017-12-05,463.281005859375
2017-12-06,428.5880126953125
2017-12-07,434.4079895019531
2017-12-08,456.031005859375
2017-12-09,473.50201416015625
2017-12-10,441.72100830078125
2017-12-11,515.135986328125
2017-12-12,651.4310302734375
2017-12-13,702.7670288085938
2017-12-14,695.8159790039062
2017-12-15,684.447998046875
2017-12-16,696.208984375
2017-12-17,719.9749755859375
2017-12-18,794.64501953125
2017-12-19,826.822998046875
2017-12-20,819.0859985351562
2017-12-21,821.06298828125
2017-12-22,674.8599853515625
2017-12-23,719.3870239257812
2017-12-24,694.1480102539062
2017-12-25,765.833984375
2017-12-26,773.8359985351562
2017-12-27,762.8419799804688
2017-12-28,737.0230102539062
2017-12-29,753.5919799804688
2017-12-30,717.2570190429688
2017-12-31,756.7329711914062
2018-01-01,772.6409912109375
2018-01-02,884.4439697265625
2018-01-03,962.719970703125
2018-01-04,980.9219970703125
2018-01-05,997.719970703125
2018-01-06,1041.6800537109375
2018-01-07,1153.1700439453125
2018-01-08,1148.530029296875
2018-01-09,1299.739990234375
2018-01-10,1255.8199462890625
2018-01-11,1154.9300537109375
2018-01-12,1273.199951171875
2018-01-13,1396.4200439453125
2018-01-14,1366.77001953125
2018-01-15,1291.9200439453125
2018-01-16,1053.68994140625
2018-01-17,1014.25
2018-01-18,1036.280029296875
2018-01-19,1039.0999755859375
2018-01-20,1155.1500244140625
2018-01-21,1049.5799560546875
2018-01-22,1003.260009765625
2018-01-23,986.22900390625
2018-01-24,1058.780029296875
2018-01-25,1056.030029296875
2018-01-26,1055.1700439453125
2018-01-27,1107.0699462890625
2018-01-28,1246.010009765625
2018-01-29,1182.3599853515625
2018-01-30,1071.1300048828125
2018-01-31,1118.31005859375
2018-02-01,1036.7900390625
2018-02-02,915.7849731445312
2018-02-03,964.0189819335938
2018-02-04,834.6820068359375
2018-02-05,697.9509887695312
2018-02-06,793.1220092773438
2018-02-07,757.0679931640625
2018-02-08,817.8070068359375
2018-02-09,883.864990234375
2018-02-10,860.4149780273438
2018-02-11,814.6599731445312
2018-02-12,868.7069702148438
2018-02-13,845.2579956054688
2018-02-14,923.5609741210938
2018-02-15,936.9760131835938
2018-02-16,944.2100219726562
2018-02-17,974.114990234375
2018-02-18,923.9210205078125
2018-02-19,943.864990234375
2018-02-20,895.3709716796875
2018-02-21,849.9710083007812
2018-02-22,812.844970703125
2018-02-23,864.1890258789062
2018-02-24,840.5150146484375
2018-02-25,844.8099975585938
2018-02-26,869.3150024414062
2018-02-27,878.2650146484375
2018-02-28,855.198974609375
2018-03-01,872.2000122070312
2018-03-02,856.85302734375
2018-03-03,857.2249755859375
2018-03-04,866.677978515625
2018-03-05,853.6840209960938
2018-03-06,816.9509887695312
2018-03-07,752.8309936523438
2018-03-08,704.5960083007812
2018-03-09,728.916015625
2018-03-10,686.8900146484375
2018-03-11,723.3389892578125
2018-03-12,699.8309936523438
2018-03-13,690.8270263671875
2018-03-14,614.291015625
2018-03-15,611.3040161132812
2018-03-16,601.666015625
2018-03-17,552.7789916992188
2018-03-18,538.6439819335938
2018-03-19,556.7260131835938
2018-03-20,557.1749877929688
2018-03-21,561.7319946289062
2018-03-22,539.7020263671875
2018-03-23,539.6190185546875
2018-03-24,526.4390258789062
2018-03-25,524.2869873046875
2018-03-25,489.95098876953125
2018-03-26,450.1159973144531
2018-03-27,446.27899169921875
2018-03-28,385.9679870605469
2018-03-29,394.6449890136719
2018-03-30,396.4570007324219
2018-03-31,379.60699462890625
2018-04-01,386.42498779296875
2018-04-02,416.89300537109375
2018-04-03,380.5429992675781
2018-04-04,383.23199462890625
2018-04-05,370.2850036621094
2018-04-06,385.3139953613281
2018-04-07,400.50799560546875
2018-04-08,398.5260009765625
2018-04-09,414.2430114746094
2018-04-10,430.5400085449219
2018-04-11,492.9410095214844
2018-04-12,492.7349853515625
2018-04-13,501.4779968261719
2018-04-14,531.7020263671875
2018-04-15,511.1470031738281
2018-04-16,502.8940124511719
2018-04-17,524.7890014648438
2018-04-18,567.8889770507812
2018-04-19,615.718017578125
2018-04-20,605.39501953125
2018-04-21,621.8599853515625
2018-04-22,642.5479736328125
2018-04-23,708.1580200195312
2018-04-24,615.416015625
2018-04-25,662.8090209960938
2018-04-26,647.031982421875
2018-04-27,683.677978515625
2018-04-28,688.8809814453125
2018-04-29,669.9240112304688
2018-04-30,673.6129760742188
2018-05-01,687.1489868164062
2018-05-02,779.5430297851562
2018-05-03,785.6240234375
2018-05-04,816.1199951171875
2018-05-05,792.3109741210938
2018-05-06,753.7249755859375
2018-05-07,752.8569946289062
2018-05-08,752.2750244140625
2018-05-09,727.2769775390625
2018-05-10,679.5859985351562
2018-05-11,686.0479736328125
2018-05-12,733.4959716796875
2018-05-13,730.5490112304688
2018-05-14,708.8709716796875
2018-05-15,707.0499877929688
2018-05-16,672.656982421875
2018-05-17,694.3670043945312
2018-05-18,696.530029296875
2018-05-19,715.3690185546875
2018-05-20,699.2219848632812
2018-05-21,647.7410278320312
2018-05-22,583.5850219726562
2018-05-23,601.7550048828125
2018-05-24,586.7340087890625
2018-05-25,587.280029296875
2018-05-26,572.6680297851562
2018-05-27,516.0360107421875
2018-05-28,565.3880004882812
2018-05-29,559.5900268554688
2018-05-30,577.64501953125
2018-05-31,580.0430297851562
2018-06-01,591.8079833984375
2018-06-02,618.3289794921875
2018-06-03,592.9849853515625
2018-06-04,609.302978515625
2018-06-05,607.1240234375
2018-06-06,605.18701171875
2018-06-07,601.0770263671875
2018-06-08,597.56201171875
2018-06-09,526.47900390625
2018-06-10,533.2839965820312
2018-06-11,496.8429870605469
2018-06-12,477.4939880371094
2018-06-13,519.7420043945312
2018-06-14,491.0039978027344
2018-06-15,499.6419982910156
2018-06-16,500.447998046875
2018-06-17,518.8909912109375
2018-06-18,537.9569702148438
2018-06-19,536.2680053710938
2018-06-20,527.3670043945312
2018-06-21,465.8169860839844
2018-06-22,474.5199890136719
2018-06-23,457.6719970703125
2018-06-24,460.30999755859375
2018-06-25,432.7720031738281
2018-06-26,442.364990234375
2018-06-27,422.364990234375
2018-06-28,436.0090026855469
2018-06-29,455.17999267578125
2018-06-30,453.9179992675781
2018-07-01,475.34698486328125
2018-07-02,464.19500732421875
2018-07-03,467.3179931640625
2018-07-04,474.4119873046875
2018-07-05,474.0119934082031
2018-07-06,491.6600036621094
2018-07-07,489.1189880371094
2018-07-08,476.6820068359375
2018-07-09,434.42401123046875
2018-07-10,446.51800537109375
2018-07-11,430.0740051269531
2018-07-12,434.0270080566406
2018-07-13,436.08599853515625
2018-07-14,449.8500061035156
2018-07-15,480.6579895019531
2018-07-16,501.00201416015625
2018-07-17,480.51300048828125
2018-07-18,469.6189880371094
2018-07-19,450.697998046875
2018-07-20,462.4360046386719
2018-07-21,459.6570129394531
2018-07-22,450.8529968261719
2018-07-23,479.37298583984375
2018-07-24,472.4930114746094
2018-07-25,464.0369873046875
2018-07-26,469.6659851074219
2018-07-27,466.89801025390625
2018-07-28,466.6650085449219
2018-07-29,457.08099365234375
2018-07-30,433.86700439453125
2018-07-31,420.74700927734375
2018-08-01,412.6210021972656
2018-08-02,418.2619934082031
2018-08-03,407.25201416015625
2018-08-04,410.5159912109375
2018-08-05,406.6579895019531
2018-08-06,380.2149963378906
2018-08-07,356.6130065917969
2018-08-08,365.5880126953125
2018-08-09,334.1759948730469
2018-08-10,322.11199951171875
2018-08-11,319.57000732421875
2018-08-12,286.4949951171875
2018-08-13,278.9320068359375
2018-08-14,282.364013671875
2018-08-15,288.0459899902344
2018-08-16,315.72900390625
2018-08-17,295.81201171875
2018-08-18,300.8340148925781
2018-08-19,274.31500244140625
2018-08-20,281.9440002441406
2018-08-21,271.34100341796875
2018-08-22,277.10400390625
2018-08-23,282.9670104980469
2018-08-24,279.64599609375
2018-08-25,275.1969909667969
2018-08-26,285.6029968261719
2018-08-27,296.4989929199219
2018-08-28,289.31201171875
2018-08-29,284.1050109863281
2018-08-30,283.0039978027344
2018-08-31,295.34100341796875
2018-09-01,294.3710021972656
2018-09-02,289.2590026855469
2018-09-03,285.7229919433594
2018-09-04,232.33099365234375
2018-09-05,230.21499633789062
2018-09-06,217.2030029296875
2018-09-07,197.9510040283203
2018-09-08,196.9239959716797
2018-09-09,197.07899475097656
2018-09-10,185.0659942626953
2018-09-11,183.33099365234375
2018-09-12,211.35400390625
2018-09-13,211.74899291992188
2018-09-14,223.07400512695312
2018-09-15,220.58900451660156
2018-09-16,197.875
2018-09-17,209.97500610351562
2018-09-18,209.968994140625
2018-09-19,224.59100341796875
2018-09-20,246.58399963378906
2018-09-21,240.47999572753906
2018-09-22,244.3300018310547
2018-09-23,228.72999572753906
2018-09-24,218.5050048828125
2018-09-25,215.8470001220703
2018-09-26,228.49400329589844
2018-09-27,222.40199279785156
2018-09-28,231.63499450683594
2018-09-29,232.84800720214844
2018-09-30,230.76800537109375
2018-10-01,227.18099975585938
2018-10-02,220.48899841308594
2018-10-03,222.21800231933594
2018-10-04,227.6009979248047
2018-10-05,225.1199951171875
2018-10-06,226.11900329589844
2018-10-07,229.2550048828125
2018-10-08,227.98199462890625
2018-10-09,225.7689971923828
2018-10-10,189.49899291992188
2018-10-11,196.7270050048828
2018-10-12,199.84100341796875
2018-10-13,195.71499633789062
2018-10-14,209.70399475097656
2018-10-15,210.1199951171875
2018-10-16,207.08299255371094
2018-10-17,203.3520050048828
2018-10-18,203.7270050048828
2018-10-19,205.42999267578125
2018-10-20,205.14199829101562
2018-10-21,204.04400634765625
2018-10-22,204.33599853515625
2018-10-23,203.8520050048828
2018-10-24,202.718994140625
2018-10-25,203.32899475097656
2018-10-26,204.2100067138672
2018-10-27,205.36599731445312
2018-10-29,197.2469940185547
2018-10-30,197.55599975585938
2018-10-31,197.38099670410156
2018-11-01,198.8719940185547
2018-11-02,200.63499450683594
2018-11-03,200.18600463867188
2018-11-04,207.48599243164062
2018-11-05,209.09100341796875
2018-11-06,218.45199584960938
2018-11-07,217.18299865722656
2018-11-08,212.2310028076172
2018-11-09,210.07400512695312
2018-11-10,212.5330047607422
2018-11-11,211.33999633789062
2018-11-12,210.41799926757812
2018-11-13,206.8260040283203
2018-11-14,181.39700317382812
2018-11-15,180.80599975585938
2018-11-16,175.177001953125
2018-11-17,174.00100708007812
2018-11-18,177.06700134277344
2018-11-19,149.1750030517578
2018-11-20,130.33900451660156
2018-11-21,136.7010040283203
2018-11-22,126.70600128173828
2018-11-23,123.2959976196289
2018-11-24,113.49400329589844
2018-11-25,116.44999694824219
2018-11-26,108.33499908447266
2018-11-27,110.01000213623047
2018-11-28,122.43800354003906
2018-11-29,117.54264831542969
2018-11-30,113.17141723632812
2018-12-01,118.63555908203125
2018-12-02,116.38890075683594
2018-12-03,108.92501831054688
2018-12-04,110.21418762207031
2018-12-05,102.47555541992188
2018-12-06,91.76105499267578
2018-12-07,93.29456329345703
2018-12-08,92.15963745117188
2018-12-09,95.14205932617188
2018-12-10,91.68565368652344
2018-12-11,88.94530487060547
2018-12-12,90.59329986572266
2018-12-13,86.53931427001953
2018-12-14,84.30829620361328
2018-12-15,84.44081115722656
2018-12-16,85.26210021972656
2018-12-17,95.13382720947266
2018-12-18,101.11245727539062
2018-12-19,101.2685775756836
2018-12-20,116.21687316894531
2018-12-21,109.49623107910156
2018-12-22,116.7594985961914
2018-12-23,130.7652587890625
2018-12-24,140.23800659179688
2018-12-25,129.84434509277344
2018-12-26,131.86563110351562
2018-12-27,116.57591247558594
2018-12-28,137.6470184326172
2018-12-29,138.01834106445312
2018-12-30,139.8594512939453
2018-12-31,133.36825561523438
2019-01-01,140.8194122314453
2019-01-02,155.0476837158203
2019-01-03,149.135009765625
2019-01-04,154.58193969726562
2019-01-05,155.6385955810547
2019-01-06,157.74620056152344
2019-01-07,151.69921875
2019-01-08,150.35963439941406
2019-01-09,150.80311584472656
2019-01-10,128.62518310546875
2019-01-11,127.54832458496094
2019-01-12,125.9665298461914
2019-01-13,116.8978042602539
2019-01-14,129.0687255859375
2019-01-15,122.03271484375
2019-01-16,123.54706573486328
2019-01-17,123.7419204711914
2019-01-18,121.01026153564453
2019-01-19,124.5190200805664
2019-01-20,119.4748306274414
2019-01-21,117.15785217285156
2019-01-22,118.74755096435547
2019-01-23,117.45260620117188
2019-01-24,117.36288452148438
2019-01-25,116.37834167480469
2019-01-26,116.48873901367188
2019-01-27,113.40528869628906
2019-01-28,106.58997344970703
2019-01-29,105.59821319580078
2019-01-30,108.90753936767578
2019-01-31,107.0610122680664
2019-02-01,107.60978698730469
2019-02-02,110.43025970458984
2019-02-03,107.49266815185547
2019-02-04,107.82160186767578
2019-02-05,107.44351959228516
2019-02-06,104.9192886352539
2019-02-07,104.5353012084961
2019-02-08,119.26774597167969
2019-02-09,119.4308853149414
2019-02-10,124.80648803710938
2019-02-11,121.29839324951172
2019-02-12,122.5722885131836
2019-02-13,122.55360412597656
2019-02-14,121.39020538330078
2019-02-15,122.10038757324219
2019-02-16,123.26021575927734
2019-02-17,133.598876953125
2019-02-18,146.09837341308594
2019-02-19,145.34619140625
2019-02-20,149.55433654785156
2019-02-21,146.13084411621094
2019-02-22,149.0924530029297
2019-02-23,158.79542541503906
2019-02-24,135.8526611328125
2019-02-25,139.82286071777344
2019-02-26,138.0896759033203
2019-02-27,136.12596130371094
2019-02-28,136.74624633789062
2019-03-01,136.44361877441406
2019-03-02,134.2069549560547
2019-03-03,132.24942016601562
2019-03-04,127.77412414550781
2019-03-05,137.8223876953125
2019-03-06,138.7893524169922
2019-03-07,138.0345001220703
2019-03-08,135.1270751953125
2019-03-09,137.96533203125
2019-03-10,136.75868225097656
2019-03-11,133.8340301513672
2019-03-12,134.44288635253906
2019-03-13,133.26307678222656
2019-03-14,133.7115936279297
2019-03-15,137.69178771972656
2019-03-16,142.39817810058594
2019-03-17,140.00054931640625
2019-03-18,139.37460327148438
2019-03-19,140.51919555664062
2019-03-20,140.6863555908203
2019-03-21,136.6360626220703
2019-03-22,137.1814422607422
2019-03-23,138.2398681640625
2019-03-24,136.98692321777344
2019-03-25,135.03102111816406
2019-03-26,135.46035766601562
2019-03-27,140.9881591796875
2019-03-28,139.41647338867188
2019-03-29,142.49742126464844
2019-03-30,142.09268188476562
2019-03-31,141.830322265625
2019-03-31,141.51409912109375
2019-04-01,163.9617462158203
2019-04-02,161.45880126953125
2019-04-03,158.0525360107422
2019-04-04,165.5148468017578
2019-04-05,165.94720458984375
2019-04-06,174.53164672851562
2019-04-07,180.25881958007812
2019-04-08,176.1145782470703
2019-04-09,177.3374786376953
2019-04-10,165.4970245361328
2019-04-11,164.736328125
2019-04-12,164.5133514404297
2019-04-13,167.83851623535156
2019-04-14,161.5741729736328
2019-04-15,167.62344360351562
2019-04-16,166.9507598876953
2019-04-17,173.81402587890625
2019-04-18,173.70843505859375
2019-04-19,173.7512664794922
2019-04-20,170.04652404785156
2019-04-21,171.87466430664062
2019-04-22,171.4477996826172
2019-04-23,165.8260955810547
2019-04-24,154.4593963623047
2019-04-25,156.3470916748047
2019-04-26,158.4349365234375
2019-04-27,157.29507446289062
2019-04-28,155.20199584960938
2019-04-29,162.16603088378906
2019-04-30,160.81834411621094
2019-05-01,162.12278747558594
2019-05-02,167.95240783691406
2019-05-03,164.02658081054688
2019-05-04,163.45069885253906
2019-05-05,172.65321350097656
2019-05-06,169.7986602783203
2019-05-07,170.9481658935547
2019-05-08,170.289306640625
2019-05-09,173.1427459716797
2019-05-10,194.30433654785156
2019-05-11,187.3253173828125
2019-05-12,196.84628295898438
2019-05-13,217.14857482910156
2019-05-14,247.15306091308594
2019-05-15,264.010009765625
2019-05-16,243.76458740234375
2019-05-17,234.59523010253906
2019-05-18,261.2922058105469
2019-05-19,251.86441040039062
2019-05-20,255.21588134765625
2019-05-21,244.69891357421875
2019-05-22,245.96566772460938
2019-05-23,249.4849853515625
2019-05-24,251.75987243652344
2019-05-25,267.06964111328125
2019-05-26,272.8626403808594
2019-05-27,271.7687072753906
2019-05-28,269.4556884765625
2019-05-29,255.85894775390625
2019-05-30,268.1135559082031
2019-05-31,265.3912658691406
2019-06-01,270.22552490234375
2019-06-02,252.60792541503906
2019-06-03,241.3387908935547
2019-06-04,247.05101013183594
2019-06-05,249.47433471679688
2019-06-06,250.93035888671875
2019-06-07,245.73809814453125
2019-06-08,233.08670043945312
2019-06-09,247.52012634277344
2019-06-10,245.78182983398438
2019-06-11,260.9032897949219
2019-06-12,256.1687927246094
2019-06-13,264.08746337890625
2019-06-14,269.0193176269531
2019-06-15,269.22320556640625
2019-06-16,274.3511047363281
2019-06-17,265.0518493652344
2019-06-18,269.4317932128906
2019-06-19,271.69500732421875
2019-06-20,294.9102783203125
2019-06-21,309.38031005859375
2019-06-22,307.8277893066406
2019-06-23,310.4246826171875
2019-06-24,318.1263122558594
2019-06-25,336.753173828125
2019-06-26,294.26763916015625
2019-06-27,311.2261047363281
2019-06-28,320.05889892578125
2019-06-29,290.69598388671875
2019-06-30,293.64111328125
2019-07-01,291.596435546875
2019-07-02,303.0999755859375
2019-07-03,284.5232238769531
2019-07-04,287.9975280761719
2019-07-05,287.547119140625
2019-07-06,305.7005615234375
2019-07-07,313.25140380859375
2019-07-08,308.8810119628906
2019-07-09,290.0023193359375
2019-07-10,268.70404052734375
2019-07-11,276.2767028808594
2019-07-12,269.45880126953125
2019-07-13,227.57806396484375
2019-07-14,229.7760009765625
2019-07-15,199.1886749267578
2019-07-16,211.48497009277344
2019-07-17,226.566162109375
2019-07-18,221.3334197998047
2019-07-19,229.1192169189453
2019-07-20,225.63076782226562
2019-07-21,217.5600128173828
2019-07-22,212.728515625
2019-07-23,217.04637145996094
2019-07-24,219.6179962158203
2019-07-25,219.62960815429688
2019-07-26,207.40830993652344
2019-07-27,211.18655395507812
2019-07-28,211.26805114746094
2019-07-29,210.52259826660156
2019-07-30,218.65414428710938
2019-07-31,217.80844116210938
2019-08-01,217.87156677246094
2019-08-02,222.49034118652344
2019-08-03,222.6697235107422
2019-08-04,234.21502685546875
2019-08-05,226.02064514160156
2019-08-06,226.39100646972656
2019-08-07,220.94186401367188
2019-08-08,210.48890686035156
2019-08-09,206.73353576660156
2019-08-10,216.09286499023438
2019-08-11,211.28807067871094
2019-08-12,208.70904541015625
2019-08-13,186.6077423095703
2019-08-14,188.50205993652344
2019-08-15,185.44007873535156
2019-08-16,185.68768310546875
2019-08-17,194.4935302734375
2019-08-18,203.09193420410156
2019-08-19,196.56541442871094
2019-08-20,186.89163208007812
2019-08-21,191.33291625976562
2019-08-22,194.70620727539062
2019-08-23,191.28956604003906
2019-08-24,186.84239196777344
2019-08-25,188.92938232421875
2019-08-26,187.51666259765625
2019-08-27,173.8899688720703
2019-08-28,169.51673889160156
2019-08-29,168.83486938476562
2019-08-30,172.46978759765625
2019-08-31,171.62942504882812
2019-09-01,178.34735107421875
2019-09-02,179.49932861328125
2019-09-03,175.99288940429688
2019-09-04,174.21713256835938
2019-09-05,169.9561767578125
2019-09-06,178.2626190185547
2019-09-07,181.35552978515625
2019-09-08,181.1494598388672
2019-09-09,179.78717041015625
2019-09-10,178.72549438476562
2019-09-11,181.01609802246094
2019-09-12,181.10972595214844
2019-09-13,188.1055145263672
2019-09-14,189.78912353515625
2019-09-15,197.11317443847656
2019-09-16,208.60874938964844
2019-09-17,211.39303588867188
2019-09-18,221.28085327148438
2019-09-19,218.050048828125
2019-09-20,215.51620483398438
2019-09-21,211.54537963867188
2019-09-22,201.9213104248047
2019-09-23,168.11073303222656
2019-09-24,170.8927001953125
2019-09-25,166.7271270751953
2019-09-26,174.71099853515625
2019-09-27,174.57289123535156
2019-09-28,170.50347900390625
2019-09-29,179.87220764160156
2019-09-30,177.34042358398438
2019-10-01,180.71051025390625
2019-10-02,175.1993408203125
2019-10-03,176.98500061035156
2019-10-04,176.3515167236328
2019-10-05,173.05914306640625
2019-10-06,181.18634033203125
2019-10-07,182.0215606689453
2019-10-08,193.2932586669922
2019-10-09,191.65966796875
2019-10-10,182.56968688964844
2019-10-11,180.82664489746094
2019-10-12,182.0751495361328
2019-10-13,186.96090698242188
2019-10-14,181.40606689453125
2019-10-15,176.0135040283203
2019-10-16,178.02835083007812
2019-10-17,173.621337890625
2019-10-18,172.91302490234375
2019-10-19,175.5343780517578
2019-10-20,174.92098999023438
2019-10-21,172.3008575439453
2019-10-22,162.4027862548828
2019-10-23,162.16854858398438
2019-10-24,181.52320861816406
2019-10-25,179.83547973632812
2019-10-26,184.24221801757812
2019-10-28,182.66281127929688
2019-10-29,190.3425750732422
2019-10-30,184.69216918945312
2019-10-31,183.9669189453125
2019-11-01,183.9698944091797
2019-11-02,183.92572021484375
2019-11-03,182.42501831054688
2019-11-04,186.35519409179688
2019-11-05,189.30416870117188
2019-11-06,191.59384155273438
2019-11-07,187.97654724121094
2019-11-08,184.2114715576172
2019-11-09,185.02871704101562
2019-11-10,189.47727966308594
2019-11-11,185.48963928222656
2019-11-12,186.84341430664062
2019-11-13,188.2587432861328
2019-11-14,185.9996337890625
2019-11-15,180.52117919921875
2019-11-16,183.34835815429688
2019-11-17,185.11923217773438
2019-11-18,180.55960083007812
2019-11-19,177.45555114746094
2019-11-20,175.69834899902344
2019-11-21,161.4627227783203
2019-11-22,150.26817321777344
2019-11-23,153.41778564453125
2019-11-24,142.83470153808594
2019-11-25,146.47653198242188
2019-11-26,148.96507263183594
2019-11-27,153.01055908203125
2019-11-28,151.7175750732422
2019-11-29,155.3041534423828
2019-11-30,152.53968811035156
2019-12-01,151.18572998046875
2019-12-02,149.0591583251953
2019-12-03,147.9564208984375
2019-12-04,146.74774169921875
2019-12-05,149.24899291992188
2019-12-06,149.19444274902344
2019-12-07,148.76815795898438
2019-12-08,151.2647247314453
2019-12-09,148.2251739501953
2019-12-10,146.2670440673828
2019-12-11,143.60800170898438
2019-12-12,145.60400390625
2019-12-13,144.9447479248047
2019-12-14,142.86923217773438
2019-12-15,143.114990234375
2019-12-16,133.61402893066406
2019-12-17,122.60388946533203
2019-12-18,133.09219360351562
2019-12-19,129.32113647460938
2019-12-20,129.06605529785156
2019-12-21,128.13095092773438
2019-12-22,132.3725128173828
2019-12-23,128.6140899658203
2019-12-24,129.0638885498047
2019-12-25,126.45463562011719
2019-12-26,126.36122131347656
2019-12-27,127.21460723876953
2019-12-28,128.3227081298828
2019-12-29,134.7579803466797
2019-12-30,132.63348388671875
2019-12-31,129.61085510253906
2020-01-01,130.802001953125
2020-01-02,127.4101791381836
2020-01-03,134.1717071533203
2020-01-04,135.06936645507812
2020-01-05,136.2767791748047
2020-01-06,144.3041534423828
2020-01-07,143.5439910888672
2020-01-08,141.2581329345703
2020-01-09,138.9792022705078
2020-01-10,143.96377563476562
2020-01-11,142.92710876464844
2020-01-12,145.87393188476562
2020-01-13,144.22659301757812
2020-01-14,165.95535278320312
2020-01-15,166.23068237304688
2020-01-16,164.39100646972656
2020-01-17,170.7799530029297
2020-01-18,175.3656768798828
2020-01-19,166.9698486328125
2020-01-20,167.12051391601562
2020-01-21,169.69715881347656
2020-01-22,168.29415893554688
2020-01-23,162.92855834960938
2020-01-24,163.05117797851562
2020-01-25,161.283935546875
2020-01-26,168.0771026611328
2020-01-27,170.93089294433594
2020-01-28,176.3703155517578
2020-01-29,175.0503387451172
2020-01-30,184.6904754638672
2020-01-31,180.16017150878906
2020-02-01,183.6739501953125
2020-02-02,188.61753845214844
2020-02-03,189.8650665283203
2020-02-04,189.25059509277344
2020-02-05,204.23023986816406
2020-02-06,212.33908081054688
2020-02-07,222.72605895996094
2020-02-08,223.14651489257812
2020-02-09,228.5785675048828
2020-02-10,223.522705078125
2020-02-11,235.8511962890625
2020-02-12,265.4061279296875
2020-02-13,268.0992431640625
2020-02-14,284.2174987792969
2020-02-15,264.72857666015625
2020-02-16,259.89471435546875
2020-02-17,266.3634338378906
2020-02-18,281.944580078125
2020-02-19,259.76397705078125
2020-02-20,257.949462890625
2020-02-21,265.6006164550781
2020-02-22,262.33172607421875
2020-02-23,273.754150390625
2020-02-24,265.2164306640625
2020-02-25,247.81759643554688
2020-02-26,225.68026733398438
2020-02-27,226.75338745117188
2020-02-28,226.760498046875
2020-02-29,219.8485107421875
2020-03-01,218.97059631347656
2020-03-02,230.5697784423828
2020-03-03,224.47962951660156
2020-03-04,224.51797485351562
2020-03-05,229.2681884765625
2020-03-06,243.52529907226562
2020-03-07,237.85308837890625
2020-03-08,200.68905639648438
2020-03-09,201.986328125
2020-03-10,200.76724243164062
2020-03-11,194.8685302734375
2020-03-12,112.34712219238281
2020-03-13,133.20181274414062
2020-03-14,123.30602264404297
2020-03-15,125.21430206298828
2020-03-16,110.60587310791016
2020-03-17,113.9427490234375
2020-03-18,114.84226989746094
2020-03-19,136.59385681152344
2020-03-20,132.73716735839844
2020-03-21,132.81871032714844
2020-03-22,123.32115173339844
2020-03-23,134.91160583496094
2020-03-24,138.76144409179688
2020-03-25,136.19589233398438
2020-03-26,138.36155700683594
2020-03-27,133.9379425048828
2020-03-28,130.9864959716797
2020-03-29,125.58373260498047
2020-03-29,132.904541015625
2020-03-30,133.59356689453125
2020-03-31,135.63455200195312
2020-04-01,142.02914428710938
2020-04-02,142.09130859375
2020-04-03,145.21939086914062
2020-04-04,143.54664611816406
2020-04-05,169.13587951660156
2020-04-06,165.10194396972656
2020-04-07,172.64173889160156
2020-04-08,170.80714416503906
2020-04-09,158.41244506835938
2020-04-10,158.2160186767578
2020-04-11,161.14242553710938
2020-04-12,156.27955627441406
2020-04-13,157.5963897705078
2020-04-14,153.28689575195312
2020-04-15,172.15737915039062
2020-04-17,186.91400146484375
2020-04-18,181.61495971679688
2020-04-19,172.2971649169922
2020-04-20,172.73770141601562
2020-04-21,182.59957885742188
2020-04-22,185.02867126464844
2020-04-23,189.2369384765625
2020-04-24,195.5153045654297
2020-04-25,197.31753540039062
2020-04-26,197.22471618652344
2020-04-27,198.41539001464844
2020-04-28,216.96823120117188
2020-04-29,207.60205078125
2020-04-30,214.21910095214844
2020-05-01,215.32537841796875
2020-05-02,210.9331512451172
2020-05-03,208.17401123046875
2020-05-04,206.77439880371094
2020-05-05,204.0557861328125
2020-05-06,212.28941345214844
2020-05-07,212.9915771484375
2020-05-08,211.60012817382812
2020-05-09,188.5995635986328
2020-05-10,185.912841796875
2020-05-11,189.3125
2020-05-12,199.1932830810547
2020-05-13,202.9490966796875
2020-05-14,195.62266540527344
2020-05-15,200.6771240234375
2020-05-16,207.15869140625
2020-05-17,214.52505493164062
2020-05-18,213.45111083984375
2020-05-19,210.09674072265625
2020-05-20,199.88360595703125
2020-05-21,207.169189453125
2020-05-22,208.69439697265625
2020-05-23,202.37034606933594
2020-05-24,205.3197479248047
2020-05-25,201.90231323242188
2020-05-26,208.86343383789062
2020-05-27,219.84042358398438
2020-05-28,220.6751251220703
2020-05-29,242.34559631347656
2020-05-30,230.9757080078125
2020-05-31,246.99176025390625
2020-06-01,237.21905517578125
2020-06-02,244.1793212890625
2020-06-03,244.4263916015625
2020-06-04,241.22198486328125
2020-06-05,241.9313201904297
2020-06-06,245.16725158691406
2020-06-07,246.30990600585938
2020-06-08,244.9114532470703
2020-06-09,247.4449462890625
2020-06-10,231.70266723632812
2020-06-11,237.4932098388672
2020-06-12,238.90884399414062
2020-06-13,234.1147003173828
2020-06-14,229.9289093017578
2020-06-15,234.41616821289062
2020-06-16,233.0282745361328
2020-06-17,232.10116577148438
2020-06-18,227.13829040527344
2020-06-19,229.27426147460938
2020-06-20,228.9898223876953
2020-06-21,242.53318786621094
2020-06-22,244.14215087890625
2020-06-23,235.7724609375
2020-06-24,232.94448852539062
2020-06-25,229.6680450439453
2020-06-26,222.9597930908203
2020-06-27,225.34716796875
2020-06-28,228.1948699951172
2020-06-29,226.31500244140625
2020-06-30,231.11341857910156
2020-07-01,229.39219665527344
2020-07-02,225.38706970214844
2020-07-03,229.07411193847656
2020-07-04,227.6645965576172
2020-07-05,241.51022338867188
2020-07-06,239.07553100585938
2020-07-07,246.67001342773438
2020-07-08,243.01596069335938
2020-07-09,240.9849853515625
2020-07-10,239.4581756591797
2020-07-11,242.13169860839844
2020-07-12,239.60458374023438
2020-07-13,240.21148681640625
2020-07-14,238.42352294921875
2020-07-15,233.64088439941406
2020-07-16,232.77308654785156
2020-07-17,235.4838104248047
2020-07-18,238.48751831054688
2020-07-19,236.15316772460938
2020-07-20,245.0167236328125
2020-07-21,262.1906433105469
2020-07-22,274.6890563964844
2020-07-23,279.2154235839844
2020-07-24,304.0567626953125
2020-07-25,309.64361572265625
2020-07-26,321.51409912109375
2020-07-27,316.6572570800781
2020-07-28,318.1908874511719
2020-07-29,334.5866394042969
2020-07-30,345.5546569824219
2020-07-31,385.19970703125
2020-08-01,370.6717224121094
2020-08-02,386.295166015625
2020-08-03,389.87548828125
2020-08-04,401.590576171875
2020-08-05,394.9619445800781
2020-08-06,379.5128479003906
2020-08-07,393.98736572265625
2020-08-08,391.1204528808594
2020-08-09,395.8875732421875
2020-08-10,380.3840637207031
2020-08-11,391.024169921875
2020-08-12,428.7417907714844
2020-08-13,437.3978271484375
2020-08-14,433.35491943359375
2020-08-15,433.78662109375
2020-08-16,429.53125
2020-08-17,423.6693115234375
2020-08-18,406.4637756347656
2020-08-19,416.4397888183594
2020-08-20,389.1263427734375
2020-08-21,395.83514404296875
2020-08-22,391.3844909667969
2020-08-23,408.1441955566406
2020-08-24,384.00103759765625
2020-08-25,386.46612548828125
2020-08-26,382.63262939453125
2020-08-27,395.8746643066406
2020-08-28,399.9214782714844
2020-08-29,428.3957214355469
2020-08-30,435.0797424316406
2020-08-31,477.0519104003906
2020-09-01,440.0404968261719
2020-09-02,385.67193603515625
2020-09-03,388.24114990234375
2020-09-04,335.26007080078125
2020-09-05,353.3622741699219
2020-09-06,352.6734924316406
2020-09-07,337.60211181640625
2020-09-08,351.1100158691406
2020-09-09,368.1018981933594
2020-09-10,374.6955871582031
2020-09-11,387.18310546875
2020-09-12,365.57000732421875
2020-09-13,377.26885986328125
2020-09-14,364.8392028808594
2020-09-15,365.8122863769531
2020-09-16,389.01922607421875
2020-09-17,384.3645324707031
2020-09-18,385.54437255859375
2020-09-19,371.0528259277344
2020-09-20,341.78607177734375
2020-09-21,344.503173828125
2020-09-22,320.5855407714844
2020-09-23,349.3566589355469
2020-09-24,352.161865234375
2020-09-25,354.96527099609375
2020-09-26,357.3216857910156
2020-09-27,354.95050048828125
2020-09-28,359.9634094238281
2020-09-29,360.0223693847656
2020-09-30,353.2312927246094
2020-10-01,346.53265380859375
2020-10-02,347.32159423828125
2020-10-03,353.1219177246094
2020-10-04,354.277099609375
2020-10-05,341.0211486816406
2020-10-06,342.1197814941406
2020-10-07,351.4556579589844
2020-10-09,370.96759033203125
2020-10-10,375.1420593261719
2020-10-13,379.4840393066406
2020-10-14,377.44183349609375
2020-10-15,366.22900390625
2020-10-16,368.8559265136719
2020-10-17,378.21368408203125
2020-10-18,379.93560791015625
2020-10-19,369.13690185546875
2020-10-20,392.1899719238281
2020-10-21,413.7729797363281
2020-10-22,409.7666931152344
2020-10-23,412.4576110839844
2020-10-24,406.2177734375
2020-10-26,393.8883056640625
2020-10-27,403.9970397949219
2020-10-28,388.6507568359375
2020-10-29,386.7301025390625
2020-10-30,382.8199768066406
2020-10-31,386.59033203125
2020-11-01,396.3581848144531
2020-11-02,383.15673828125
2020-11-03,387.6021728515625
2020-11-04,402.1419982910156
2020-11-05,414.0673522949219
2020-11-06,454.71929931640625
2020-11-07,435.713134765625
2020-11-08,453.5547790527344
2020-11-09,444.1630554199219
2020-11-10,449.67962646484375
2020-11-11,462.9605407714844
2020-11-12,461.0052795410156
2020-11-13,474.6264343261719
2020-11-14,460.14984130859375
2020-11-15,447.55908203125
2020-11-16,459.9403076171875
2020-11-17,480.3600769042969
2020-11-18,479.48406982421875
2020-11-19,471.63043212890625
2020-11-20,509.74456787109375
2020-11-21,549.4866333007812
2020-11-22,558.068115234375
2020-11-23,608.4540405273438
2020-11-24,603.8977661132812
2020-11-25,570.6866455078125
2020-11-26,518.8011474609375
2020-11-27,517.4937133789062
2020-11-28,538.2297973632812
2020-11-29,575.758056640625
2020-11-30,614.842529296875
2020-12-01,587.3241577148438
2020-12-02,598.3523559570312
2020-12-03,616.708740234375
2020-12-04,569.3541870117188
2020-12-05,596.595458984375
2020-12-06,601.9089965820312
2020-12-07,591.8433837890625
2020-12-08,554.8277587890625
2020-12-09,573.4791259765625
2020-12-10,559.6785278320312
2020-12-11,545.79736328125
2020-12-12,568.5673217773438
2020-12-13,589.6632080078125
2020-12-14,586.0111694335938
2020-12-15,589.3555908203125
2020-12-16,636.1818237304688
2020-12-17,642.8689575195312
2020-12-18,654.8119506835938
2020-12-19,659.2979125976562
2020-12-20,638.2908325195312
2020-12-21,609.81787109375
2020-12-22,634.8541870117188
2020-12-23,583.714599609375
2020-12-24,611.607177734375
2020-12-25,626.4107055664062
2020-12-26,635.8358154296875
2020-12-27,682.642333984375
2020-12-28,730.3973388671875
2020-12-29,731.5201416015625
2020-12-30,751.6189575195312
2020-12-31,737.8034057617188
2021-01-01,730.3675537109375
2021-01-02,774.5349731445312
2021-01-03,975.5076904296875
2021-01-04,1040.2330322265625
2021-01-05,1100.006103515625
2021-01-06,1207.1121826171875
2021-01-07,1225.6781005859375
2021-01-08,1224.1971435546875
2021-01-09,1281.0772705078125
2021-01-10,1262.2467041015625
2021-01-11,1090.1453857421875
2021-01-12,1043.4345703125
2021-01-13,1130.7393798828125
2021-01-14,1218.4530029296875
2021-01-15,1171.8345947265625
2021-01-16,1233.53759765625
2021-01-17,1230.1722412109375
2021-01-18,1257.279541015625
2021-01-19,1377.2958984375
2021-01-20,1382.2740478515625
2021-01-21,1121.5709228515625
2021-01-22,1236.51220703125
2021-01-23,1230.9906005859375
2021-01-24,1391.609375
2021-01-25,1324.414794921875
2021-01-26,1357.05810546875
2021-01-27,1253.1871337890625
2021-01-28,1298.101806640625
2021-01-29,1382.5228271484375
2021-01-30,1376.115478515625
2021-01-31,1314.9862060546875
2021-02-01,1369.04052734375
2021-02-02,1515.1937255859375
2021-02-03,1660.9095458984375
2021-02-04,1594.7626953125
2021-02-05,1718.65087890625
2021-02-06,1677.8468017578125
2021-02-07,1614.227783203125
2021-02-08,1746.6168212890625
2021-02-09,1768.0350341796875
2021-02-10,1744.243408203125
2021-02-11,1783.7979736328125
2021-02-12,1843.5325927734375
2021-02-13,1814.10986328125
2021-02-14,1805.0841064453125
2021-02-15,1779.791015625
2021-02-16,1781.0675048828125
2021-02-17,1848.458251953125
2021-02-18,1937.44921875
2021-02-19,1960.164794921875
2021-02-20,1919.5340576171875
2021-02-21,1935.60107421875
2021-02-22,1781.992919921875
2021-02-23,1570.2039794921875
2021-02-24,1626.57568359375
2021-02-25,1475.7037353515625
2021-02-26,1446.03369140625
2021-02-27,1459.97314453125
2021-02-28,1416.0489501953125
2021-03-01,1564.7076416015625
2021-03-02,1492.6087646484375
2021-03-03,1575.8531494140625
2021-03-04,1541.914306640625
2021-03-05,1533.2750244140625
2021-03-06,1654.7415771484375
2021-03-07,1723.15380859375
2021-03-08,1834.7279052734375
2021-03-09,1868.048828125
2021-03-10,1799.166259765625
2021-03-11,1826.1949462890625
2021-03-12,1772.1024169921875
2021-03-13,1924.6854248046875
2021-03-14,1854.5643310546875
2021-03-15,1791.7022705078125
2021-03-16,1806.9718017578125
2021-03-17,1823.4493408203125
2021-03-18,1782.8551025390625
2021-03-19,1817.6241455078125
2021-03-20,1812.6346435546875
2021-03-21,1788.217041015625
2021-03-22,1691.333984375
2021-03-23,1678.650146484375
2021-03-24,1593.4134521484375
2021-03-25,1595.3592529296875
2021-03-26,1702.842041015625
2021-03-27,1716.49462890625
2021-03-28,1691.35595703125
2021-03-28,1819.6849365234375
2021-03-29,1846.03369140625
2021-03-30,1918.362060546875
2021-03-31,1977.27685546875
2021-04-01,2143.2255859375
2021-04-02,2028.4224853515625
2021-04-03,2093.122802734375
2021-04-04,2107.88720703125
2021-04-05,2118.37890625
2021-04-06,1971.0772705078125
2021-04-07,2088.57373046875
2021-04-08,2072.10888671875
2021-04-09,2135.942138671875
2021-04-10,2157.656982421875
2021-04-11,2139.353271484375
2021-04-12,2299.187744140625
2021-04-13,2435.10498046875
2021-04-14,2519.1162109375
2021-04-15,2431.946533203125
2021-04-16,2344.89501953125
2021-04-17,2237.136962890625
2021-04-18,2166.188720703125
2021-04-19,2330.2109375
2021-04-20,2364.751708984375
2021-04-21,2403.53515625
2021-04-22,2363.586181640625
2021-04-23,2211.625732421875
2021-04-24,2316.0595703125
2021-04-25,2534.481689453125
2021-04-26,2662.865234375
2021-04-27,2746.380126953125
2021-04-28,2756.876953125
2021-04-29,2773.20703125
2021-04-30,2945.892822265625
2021-05-01,2952.05615234375
2021-05-02,3431.086181640625
2021-05-03,3253.62939453125
2021-05-04,3522.783203125
2021-05-05,3490.88037109375
2021-05-06,3484.72900390625
2021-05-07,3902.647705078125
2021-05-08,3928.8447265625
2021-05-09,3952.2939453125
2021-05-10,4168.701171875
2021-05-11,3785.8486328125
2021-05-12,3715.1484375
2021-05-13,4079.057373046875
2021-05-14,3638.1220703125
2021-05-15,3587.506103515625
2021-05-16,3282.397705078125
2021-05-17,3380.070068359375
2021-05-19,2672.20654296875
